{
    "amazon.com": {
        "scan_time": 1732733888.22594
    },
    "asee.org": {
        "scan_time": 1732733888.226073
    },
    "auditoryneuroscience.com": {
        "scan_time": 1732733888.226068
    },
    "clocktab.com": {
        "scan_time": 1732733888.226061
    },
    "en.wikipedia.org": {
        "scan_time": 1732733888.225929
    },
    "facebook.com": {
        "scan_time": 1732733888.225937
    },
    "fandom.com": {
        "scan_time": 1732733888.2259898
    },
    "gradeinflation.com": {
        "scan_time": 1732733888.226079
    },
    "illinois.edu": {
        "scan_time": 1732733888.2260501
    },
    "imdb.com": {
        "scan_time": 1732733888.225985
    },
    "instagram.com": {
        "scan_time": 1732733888.226007
    },
    "it.eecs.northwestern.edu": {
        "scan_time": 1732733888.2260401
    },
    "kellogg.northwestern.edu": {
        "scan_time": 1732733888.2260292
    },
    "kli.org": {
        "scan_time": 1732733888.226094
    },
    "mccormick.northwestern.edu": {
        "scan_time": 1732733888.226024
    },
    "northwestern.edu": {
        "scan_time": 1732733888.226018
    },
    "pinterest.com": {
        "scan_time": 1732733888.225996
    },
    "pmichaud.com": {
        "scan_time": 1732733888.226089
    },
    "reddit.com": {
        "scan_time": 1732733888.2259781
    },
    "spacejam.com": {
        "scan_time": 1732733888.226084
    },
    "stevetarzia.com": {
        "scan_time": 1732733888.226055
    },
    "tripadvisor.com": {
        "scan_time": 1732733888.2260008
    },
    "twitter.com": {
        "scan_time": 1732733888.225933
    },
    "uchicago.edu": {
        "scan_time": 1732733888.226045
    },
    "users.cs.northwestern.edu": {
        "scan_time": 1732733888.226034
    },
    "walmart.com": {
        "scan_time": 1732733888.226013
    },
    "yelp.com": {
        "scan_time": 1732733888.225962
    },
    "youtube.com": {
        "scan_time": 1732733888.225922
    }
}