{
    "amazon.com": {
        "ipv4_addresses": [
            "8.8.8.8#53",
            "205.251.242.103",
            "54.239.28.85",
            "52.94.236.248"
        ],
        "scan_time": 1732737589.653173
    },
    "asee.org": {
        "ipv4_addresses": [
            "8.8.8.8#53",
            "57.152.51.153"
        ],
        "scan_time": 1732737590.407802
    },
    "auditoryneuroscience.com": {
        "ipv4_addresses": [
            "8.8.8.8#53",
            "203.80.233.62"
        ],
        "scan_time": 1732737590.365273
    },
    "clocktab.com": {
        "ipv4_addresses": [
            "8.8.8.8#53",
            "104.21.87.176",
            "172.67.170.124"
        ],
        "scan_time": 1732737590.324527
    },
    "en.wikipedia.org": {
        "ipv4_addresses": [
            "8.8.8.8#53",
            "208.80.154.224"
        ],
        "scan_time": 1732737589.5475929
    },
    "facebook.com": {
        "ipv4_addresses": [
            "8.8.8.8#53",
            "157.240.245.35"
        ],
        "scan_time": 1732737589.6216269
    },
    "fandom.com": {
        "ipv4_addresses": [
            "8.8.8.8#53",
            "199.232.212.194",
            "199.232.208.194"
        ],
        "scan_time": 1732737589.768735
    },
    "gradeinflation.com": {
        "ipv4_addresses": [
            "8.8.8.8#53",
            "51.79.45.180"
        ],
        "scan_time": 1732737590.436605
    },
    "illinois.edu": {
        "ipv4_addresses": [
            "8.8.8.8#53",
            "130.126.157.20"
        ],
        "scan_time": 1732737590.245439
    },
    "imdb.com": {
        "ipv4_addresses": [
            "8.8.8.8#53",
            "52.94.237.74",
            "52.94.225.248",
            "52.94.228.167"
        ],
        "scan_time": 1732737589.742923
    },
    "instagram.com": {
        "ipv4_addresses": [
            "8.8.8.8#53",
            "157.240.245.174"
        ],
        "scan_time": 1732737589.85332
    },
    "it.eecs.northwestern.edu": {
        "ipv4_addresses": [
            "8.8.8.8#53",
            "129.105.5.142"
        ],
        "scan_time": 1732737590.130641
    },
    "kellogg.northwestern.edu": {
        "ipv4_addresses": [
            "8.8.8.8#53",
            "165.124.147.150"
        ],
        "scan_time": 1732737590.043201
    },
    "kli.org": {
        "ipv4_addresses": [
            "8.8.8.8#53",
            "104.21.4.169",
            "172.67.132.72"
        ],
        "scan_time": 1732737590.587191
    },
    "mccormick.northwestern.edu": {
        "ipv4_addresses": [
            "8.8.8.8#53",
            "165.124.149.20"
        ],
        "scan_time": 1732737589.990627
    },
    "northwestern.edu": {
        "ipv4_addresses": [
            "8.8.8.8#53",
            "129.105.136.48"
        ],
        "scan_time": 1732737589.938231
    },
    "pinterest.com": {
        "ipv4_addresses": [
            "8.8.8.8#53",
            "151.101.192.84",
            "151.101.64.84",
            "151.101.128.84",
            "151.101.0.84"
        ],
        "scan_time": 1732737589.800273
    },
    "pmichaud.com": {
        "ipv4_addresses": [
            "8.8.8.8#53",
            "23.254.203.248"
        ],
        "scan_time": 1732737590.5156322
    },
    "reddit.com": {
        "ipv4_addresses": [
            "8.8.8.8#53",
            "151.101.129.140",
            "151.101.65.140",
            "151.101.1.140",
            "151.101.193.140"
        ],
        "scan_time": 1732737589.717867
    },
    "spacejam.com": {
        "ipv4_addresses": [
            "8.8.8.8#53",
            "99.83.180.228",
            "75.2.104.223"
        ],
        "scan_time": 1732737590.480799
    },
    "stevetarzia.com": {
        "ipv4_addresses": [
            "8.8.8.8#53",
            "3.143.61.245"
        ],
        "scan_time": 1732737590.27597
    },
    "tripadvisor.com": {
        "ipv4_addresses": [
            "8.8.8.8#53",
            "151.101.66.28",
            "151.101.2.28",
            "151.101.194.28",
            "151.101.130.28"
        ],
        "scan_time": 1732737589.8257039
    },
    "twitter.com": {
        "ipv4_addresses": [
            "8.8.8.8#53",
            "104.244.42.1",
            "104.244.42.65",
            "104.244.42.193",
            "104.244.42.129"
        ],
        "scan_time": 1732737589.5854158
    },
    "uchicago.edu": {
        "ipv4_addresses": [
            "8.8.8.8#53",
            "3.215.148.80"
        ],
        "scan_time": 1732737590.186419
    },
    "users.cs.northwestern.edu": {
        "ipv4_addresses": [
            "8.8.8.8#53",
            "129.105.44.20"
        ],
        "scan_time": 1732737590.095886
    },
    "walmart.com": {
        "ipv4_addresses": [
            "8.8.8.8#53",
            "23.47.60.162"
        ],
        "scan_time": 1732737589.907579
    },
    "yelp.com": {
        "ipv4_addresses": [
            "8.8.8.8#53",
            "199.232.36.116"
        ],
        "scan_time": 1732737589.680039
    },
    "youtube.com": {
        "ipv4_addresses": [
            "8.8.8.8#53",
            "142.250.81.238"
        ],
        "scan_time": 1732737589.511821
    }
}