{
    "youtube.com": {
        "scan_time": 1732738495.06063,
        "ipv4_addresses": [
            "8.8.8.8#53",
            "142.250.65.174"
        ],
        "ipv6_addresses": [
            "2607:f8b0:4006:80e::200e"
        ]
    },
    "en.wikipedia.org": {
        "scan_time": 1732738495.132884,
        "ipv4_addresses": [
            "8.8.8.8#53",
            "208.80.154.224"
        ],
        "ipv6_addresses": [
            "2620:0:861:ed1a::1"
        ]
    },
    "twitter.com": {
        "scan_time": 1732738495.203913,
        "ipv4_addresses": [
            "8.8.8.8#53",
            "104.244.42.1",
            "104.244.42.129",
            "104.244.42.193",
            "104.244.42.65"
        ],
        "ipv6_addresses": []
    },
    "facebook.com": {
        "scan_time": 1732738495.2608142,
        "ipv4_addresses": [
            "8.8.8.8#53",
            "157.240.245.35"
        ],
        "ipv6_addresses": [
            "2a03:2880:f172:81:face:b00c:0:25de"
        ]
    },
    "amazon.com": {
        "scan_time": 1732738495.350243,
        "ipv4_addresses": [
            "8.8.8.8#53",
            "54.239.28.85",
            "205.251.242.103",
            "52.94.236.248"
        ],
        "ipv6_addresses": []
    },
    "yelp.com": {
        "scan_time": 1732738495.405395,
        "ipv4_addresses": [
            "8.8.8.8#53",
            "151.101.44.116"
        ],
        "ipv6_addresses": []
    },
    "reddit.com": {
        "scan_time": 1732738495.469654,
        "ipv4_addresses": [
            "8.8.8.8#53",
            "151.101.129.140",
            "151.101.65.140",
            "151.101.193.140",
            "151.101.1.140"
        ],
        "ipv6_addresses": [
            "2a04:4e42::396",
            "2a04:4e42:600::396",
            "2a04:4e42:400::396",
            "2a04:4e42:200::396"
        ]
    },
    "imdb.com": {
        "scan_time": 1732738495.519358,
        "ipv4_addresses": [
            "8.8.8.8#53",
            "52.94.228.167",
            "52.94.225.248",
            "52.94.237.74"
        ],
        "ipv6_addresses": []
    },
    "fandom.com": {
        "scan_time": 1732738495.598461,
        "ipv4_addresses": [
            "8.8.8.8#53",
            "199.232.208.194",
            "199.232.212.194"
        ],
        "ipv6_addresses": []
    },
    "pinterest.com": {
        "scan_time": 1732738495.6578948,
        "ipv4_addresses": [
            "8.8.8.8#53",
            "151.101.0.84",
            "151.101.128.84",
            "151.101.192.84",
            "151.101.64.84"
        ],
        "ipv6_addresses": []
    },
    "tripadvisor.com": {
        "scan_time": 1732738495.71298,
        "ipv4_addresses": [
            "8.8.8.8#53",
            "151.101.2.28",
            "151.101.194.28",
            "151.101.66.28",
            "151.101.130.28"
        ],
        "ipv6_addresses": []
    },
    "instagram.com": {
        "scan_time": 1732738495.80449,
        "ipv4_addresses": [
            "8.8.8.8#53",
            "157.240.245.174"
        ],
        "ipv6_addresses": [
            "2a03:2880:f272:e9:face:b00c:0:4420"
        ]
    },
    "walmart.com": {
        "scan_time": 1732738495.877722,
        "ipv4_addresses": [
            "8.8.8.8#53",
            "23.39.184.173"
        ],
        "ipv6_addresses": []
    },
    "northwestern.edu": {
        "scan_time": 1732738495.9464269,
        "ipv4_addresses": [
            "8.8.8.8#53",
            "129.105.136.48"
        ],
        "ipv6_addresses": []
    },
    "mccormick.northwestern.edu": {
        "scan_time": 1732738496.053279,
        "ipv4_addresses": [
            "8.8.8.8#53",
            "165.124.149.20"
        ],
        "ipv6_addresses": []
    },
    "kellogg.northwestern.edu": {
        "scan_time": 1732738496.1342652,
        "ipv4_addresses": [
            "8.8.8.8#53",
            "165.124.147.150"
        ],
        "ipv6_addresses": []
    },
    "users.cs.northwestern.edu": {
        "scan_time": 1732738496.355642,
        "ipv4_addresses": [
            "8.8.8.8#53",
            "129.105.44.20"
        ],
        "ipv6_addresses": []
    },
    "it.eecs.northwestern.edu": {
        "scan_time": 1732738496.45753,
        "ipv4_addresses": [
            "8.8.8.8#53",
            "129.105.5.142"
        ],
        "ipv6_addresses": []
    },
    "uchicago.edu": {
        "scan_time": 1732738496.566744,
        "ipv4_addresses": [
            "8.8.8.8#53",
            "3.215.148.80"
        ],
        "ipv6_addresses": []
    },
    "illinois.edu": {
        "scan_time": 1732738496.646019,
        "ipv4_addresses": [
            "8.8.8.8#53",
            "130.126.157.20"
        ],
        "ipv6_addresses": [
            "2620:0:e00:4206::14"
        ]
    },
    "stevetarzia.com": {
        "scan_time": 1732738496.7280178,
        "ipv4_addresses": [
            "8.8.8.8#53",
            "3.143.61.245"
        ],
        "ipv6_addresses": []
    },
    "clocktab.com": {
        "scan_time": 1732738496.809387,
        "ipv4_addresses": [
            "8.8.8.8#53",
            "172.67.170.124",
            "104.21.87.176"
        ],
        "ipv6_addresses": [
            "2606:4700:3035::ac43:aa7c",
            "2606:4700:3033::6815:57b0"
        ]
    },
    "auditoryneuroscience.com": {
        "scan_time": 1732738496.886773,
        "ipv4_addresses": [
            "8.8.8.8#53",
            "203.80.233.62"
        ],
        "ipv6_addresses": []
    },
    "asee.org": {
        "scan_time": 1732738496.9593651,
        "ipv4_addresses": [
            "8.8.8.8#53",
            "57.152.51.153"
        ],
        "ipv6_addresses": []
    },
    "gradeinflation.com": {
        "scan_time": 1732738497.038517,
        "ipv4_addresses": [
            "8.8.8.8#53",
            "51.79.45.180"
        ],
        "ipv6_addresses": []
    },
    "spacejam.com": {
        "scan_time": 1732738497.1265762,
        "ipv4_addresses": [
            "8.8.8.8#53",
            "75.2.104.223",
            "99.83.180.228"
        ],
        "ipv6_addresses": []
    },
    "pmichaud.com": {
        "scan_time": 1732738497.208989,
        "ipv4_addresses": [
            "8.8.8.8#53",
            "23.254.203.248"
        ],
        "ipv6_addresses": []
    },
    "kli.org": {
        "scan_time": 1732738497.346687,
        "ipv4_addresses": [
            "8.8.8.8#53",
            "104.21.4.169",
            "172.67.132.72"
        ],
        "ipv6_addresses": [
            "2606:4700:3035::ac43:8448",
            "2606:4700:3033::6815:4a9"
        ]
    }
}